{
  "device":"crosshatch",
  "sensor":{
    "channels":6,
    "index":[0,1,2,3,4,5],
    "polarity":[1,1,1,1,1,1],
    "hpf":0.1,
    "lpf":[0.06285775, 0.2544972, 0.3652901, 0.2544972, 0.06285775],
    "median":5,
    "freq":50,
    "data_scale":[3.0271, 2.6734, 3.0870, 1.9562, 1.5266, 1.9274],
    "sampling_interval":20000000
  }
}
